Country Code,Short Name,Table Name,Long Name,2-alpha code
ABW,Aruba,Aruba,Aruba,AW
AFG,Afghanistan,Afghanistan,Islamic State of Afghanistan,AF
AGO,Angola,Angola,People's Republic of Angola,AO
ALB,Albania,Albania,Republic of Albania,AL
AND,Andorra,Andorra,Principality of Andorra,AD
ARG,Argentina,Argentina,Argentine Republic,AR
ARM,Armenia,Armenia,Republic of Armenia,AM
ASM,American Samoa,American Samoa,American Samoa,AS
ATG,Antigua and Barbuda,Antigua and Barbuda,Antigua and Barbuda,AG
AUS,Australia,Australia,Commonwealth of Australia,AU
AUT,Austria,Austria,Republic of Austria,AT
AZE,Azerbaijan,Azerbaijan,Republic of Azerbaijan,AZ
BDI,Burundi,Burundi,Republic of Burundi,BI
BEL,Belgium,Belgium,Kingdom of Belgium,BE
BEN,Benin,Benin,Republic of Benin,BJ
BFA,Burkina Faso,Burkina Faso,Burkina Faso,BF
BGD,Bangladesh,Bangladesh,People's Republic of Bangladesh,BD
BGR,Bulgaria,Bulgaria,Republic of Bulgaria,BG
BHR,Bahrain,Bahrain,Kingdom of Bahrain,BH
BHS,The Bahamas,"Bahamas, The",Commonwealth of The Bahamas,BS
BIH,Bosnia and Herzegovina,Bosnia and Herzegovina,Bosnia and Herzegovina,BA
BLR,Belarus,Belarus,Republic of Belarus,BY
BLZ,Belize,Belize,Belize,BZ
BMU,Bermuda,Bermuda,The Bermudas,BM
BOL,Bolivia,Bolivia,Plurinational State of Bolivia,BO
BRA,Brazil,Brazil,Federative Republic of Brazil,BR
BRB,Barbados,Barbados,Barbados,BB
BRN,Brunei,Brunei Darussalam,Brunei Darussalam,BN
BTN,Bhutan,Bhutan,Kingdom of Bhutan,BT
BWA,Botswana,Botswana,Republic of Botswana,BW
CAF,Central African Republic,Central African Republic,Central African Republic,CF
CAN,Canada,Canada,Canada,CA
CHE,Switzerland,Switzerland,Switzerland,CH
CHI,Channel Islands,Channel Islands,Channel Islands,
CHL,Chile,Chile,Republic of Chile,CL
CHN,China,China,People's Republic of China,CN
CIV,Côte d'Ivoire,Côte d'Ivoire,Republic of Côte d'Ivoire,CI
CMR,Cameroon,Cameroon,Republic of Cameroon,CM
COD,Dem. Rep. Congo,"Congo, Dem. Rep.",Democratic Republic of the Congo,CD
COG,Congo,"Congo, Rep.",Republic of Congo,CG
COL,Colombia,Colombia,Republic of Colombia,CO
COM,Comoros,Comoros,Union of the Comoros,KM
CPV,Cabo Verde,Cabo Verde,Republic of Cabo Verde,CV
CRI,Costa Rica,Costa Rica,Republic of Costa Rica,CR
CUB,Cuba,Cuba,Republic of Cuba,CU
CUW,Curaçao,Curaçao,Curaçao,CW
CYM,Cayman Islands,Cayman Islands,Cayman Islands,KY
CYP,Cyprus,Cyprus,Republic of Cyprus,CY
CZE,Czech Republic,Czech Republic,Czech Republic,CZ
DEU,Germany,Germany,Federal Republic of Germany,DE
DJI,Djibouti,Djibouti,Republic of Djibouti,DJ
DMA,Dominica,Dominica,Commonwealth of Dominica,DM
DNK,Denmark,Denmark,Kingdom of Denmark,DK
DOM,Dominican Republic,Dominican Republic,Dominican Republic,DO
DZA,Algeria,Algeria,People's Democratic Republic of Algeria,DZ
ECU,Ecuador,Ecuador,Republic of Ecuador,EC
EGY,Egypt,"Egypt, Arab Rep.",Arab Republic of Egypt,EG
ERI,Eritrea,Eritrea,State of Eritrea,ER
ESP,Spain,Spain,Kingdom of Spain,ES
EST,Estonia,Estonia,Republic of Estonia,EE
ETH,Ethiopia,Ethiopia,Federal Democratic Republic of Ethiopia,ET
FIN,Finland,Finland,Republic of Finland,FI
FJI,Fiji,Fiji,Republic of Fiji,FJ
FRA,France,France,French Republic,FR
FRO,Faroe Islands,Faroe Islands,Faroe Islands,FO
FSM,Micronesia,"Micronesia, Fed. Sts.",Federated States of Micronesia,FM
GAB,Gabon,Gabon,Gabonese Republic,GA
GBR,United Kingdom,United Kingdom,United Kingdom of Great Britain and Northern Ireland,GB
GEO,Georgia,Georgia,Georgia,GE
GHA,Ghana,Ghana,Republic of Ghana,GH
GIB,Gibraltar,Gibraltar,Gibraltar,GI
GIN,Guinea,Guinea,Republic of Guinea,GN
GMB,The Gambia,"Gambia, The",Republic of The Gambia,GM
GNB,Guinea-Bissau,Guinea-Bissau,Republic of Guinea-Bissau,GW
GNQ,Equatorial Guinea,Equatorial Guinea,Republic of Equatorial Guinea,GQ
GRC,Greece,Greece,Hellenic Republic,GR
GRD,Grenada,Grenada,Grenada,GD
GRL,Greenland,Greenland,Greenland,GL
GTM,Guatemala,Guatemala,Republic of Guatemala,GT
GUM,Guam,Guam,Guam,GU
GUY,Guyana,Guyana,Co-operative Republic of Guyana,GY
HKG,"Hong Kong SAR, China","Hong Kong SAR, China",Hong Kong Special Administrative Region of the People's Republic of China,HK
HND,Honduras,Honduras,Republic of Honduras,HN
HRV,Croatia,Croatia,Republic of Croatia,HR
HUN,Hungary,Hungary,Hungary,HU
IDN,Indonesia,Indonesia,Republic of Indonesia,ID
IMN,Isle of Man,Isle of Man,Isle of Man,IM
IND,India,India,Republic of India,IN
IRL,Ireland,Ireland,Ireland,IE
IRN,Iran,"Iran, Islamic Rep.",Islamic Republic of Iran,IR
IRQ,Iraq,Iraq,Republic of Iraq,IQ
ISL,Iceland,Iceland,Republic of Iceland,IS
ISR,Israel,Israel,State of Israel,IL
ITA,Italy,Italy,Italian Republic,IT
JAM,Jamaica,Jamaica,Jamaica,JM
JOR,Jordan,Jordan,Hashemite Kingdom of Jordan,JO
JPN,Japan,Japan,Japan,JP
KAZ,Kazakhstan,Kazakhstan,Republic of Kazakhstan,KZ
KEN,Kenya,Kenya,Republic of Kenya,KE
KGZ,Kyrgyz Republic,Kyrgyz Republic,Kyrgyz Republic,KG
KHM,Cambodia,Cambodia,Kingdom of Cambodia,KH
KIR,Kiribati,Kiribati,Republic of Kiribati,KI
KNA,St. Kitts and Nevis,St. Kitts and Nevis,St. Kitts and Nevis,KN
KOR,Korea,"Korea, Rep.",Republic of Korea,KR
KWT,Kuwait,Kuwait,State of Kuwait,KW
LAO,Lao PDR,Lao PDR,Lao People's Democratic Republic,LA
LBN,Lebanon,Lebanon,Lebanese Republic,LB
LBR,Liberia,Liberia,Republic of Liberia,LR
LBY,Libya,Libya,Socialist People's Libyan Arab Jamahiriya,LY
LCA,St. Lucia,St. Lucia,St. Lucia,LC
LIE,Liechtenstein,Liechtenstein,Principality of Liechtenstein,LI
LKA,Sri Lanka,Sri Lanka,Democratic Socialist Republic of Sri Lanka,LK
LSO,Lesotho,Lesotho,Kingdom of Lesotho,LS
LTU,Lithuania,Lithuania,Republic of Lithuania,LT
LUX,Luxembourg,Luxembourg,Grand Duchy of Luxembourg,LU
LVA,Latvia,Latvia,Republic of Latvia,LV
MAC,"Macao SAR, China","Macao SAR, China",Macao Special Administrative Region of the People's Republic of China,MO
MAF,St. Martin (French part),St. Martin (French part),St. Martin (French part),MF
MAR,Morocco,Morocco,Kingdom of Morocco,MA
MCO,Monaco,Monaco,Principality of Monaco,MC
MDA,Moldova,Moldova,Republic of Moldova,MD
MDG,Madagascar,Madagascar,Republic of Madagascar,MG
MDV,Maldives,Maldives,Republic of Maldives,MV
MEX,Mexico,Mexico,United Mexican States,MX
MHL,Marshall Islands,Marshall Islands,Republic of the Marshall Islands,MH
MKD,North Macedonia,North Macedonia,Republic of North Macedonia,MK
MLI,Mali,Mali,Republic of Mali,ML
MLT,Malta,Malta,Republic of Malta,MT
MMR,Myanmar,Myanmar,Republic of the Union of Myanmar,MM
MNE,Montenegro,Montenegro,Montenegro,ME
MNG,Mongolia,Mongolia,Mongolia,MN
MNP,Northern Mariana Islands,Northern Mariana Islands,Commonwealth of the Northern Mariana Islands,MP
MOZ,Mozambique,Mozambique,Republic of Mozambique,MZ
MRT,Mauritania,Mauritania,Islamic Republic of Mauritania,MR
MUS,Mauritius,Mauritius,Republic of Mauritius,MU
MWI,Malawi,Malawi,Republic of Malawi,MW
MYS,Malaysia,Malaysia,Malaysia,MY
NAM,Namibia,Namibia,Republic of Namibia,NA
NCL,New Caledonia,New Caledonia,New Caledonia,NC
NER,Niger,Niger,Republic of Niger,NE
NGA,Nigeria,Nigeria,Federal Republic of Nigeria,NG
NIC,Nicaragua,Nicaragua,Republic of Nicaragua,NI
NLD,Netherlands,Netherlands,Kingdom of the Netherlands,NL
NOR,Norway,Norway,Kingdom of Norway,NO
NPL,Nepal,Nepal,Nepal,NP
NRU,Nauru,Nauru,Republic of Nauru,NR
NZL,New Zealand,New Zealand,New Zealand,NZ
OMN,Oman,Oman,Sultanate of Oman,OM
PAK,Pakistan,Pakistan,Islamic Republic of Pakistan,PK
PAN,Panama,Panama,Republic of Panama,PA
PER,Peru,Peru,Republic of Peru,PE
PHL,Philippines,Philippines,Republic of the Philippines,PH
PLW,Palau,Palau,Republic of Palau,PW
PNG,Papua New Guinea,Papua New Guinea,The Independent State of Papua New Guinea,PG
POL,Poland,Poland,Republic of Poland,PL
PRI,Puerto Rico,Puerto Rico,Puerto Rico,PR
PRK,Dem. People's Rep. Korea,"Korea, Dem. People's Rep.",Democratic People's Republic of Korea,KP
PRT,Portugal,Portugal,Portuguese Republic,PT
PRY,Paraguay,Paraguay,Republic of Paraguay,PY
PSE,West Bank and Gaza,West Bank and Gaza,West Bank and Gaza,PS
PYF,French Polynesia,French Polynesia,French Polynesia,PF
QAT,Qatar,Qatar,State of Qatar,QA
ROU,Romania,Romania,Romania,RO
RUS,Russia,Russian Federation,Russian Federation,RU
RWA,Rwanda,Rwanda,Republic of Rwanda,RW
SAU,Saudi Arabia,Saudi Arabia,Kingdom of Saudi Arabia,SA
SDN,Sudan,Sudan,Republic of the Sudan,SD
SEN,Senegal,Senegal,Republic of Senegal,SN
SGP,Singapore,Singapore,Republic of Singapore,SG
SLB,Solomon Islands,Solomon Islands,Solomon Islands,SB
SLE,Sierra Leone,Sierra Leone,Republic of Sierra Leone,SL
SLV,El Salvador,El Salvador,Republic of El Salvador,SV
SMR,San Marino,San Marino,Republic of San Marino,SM
SOM,Somalia,Somalia,Somali Democratic Republic,SO
SRB,Serbia,Serbia,Republic of Serbia,RS
SSD,South Sudan,South Sudan,Republic of South Sudan,SS
STP,São Tomé and Principe,São Tomé and Principe,Democratic Republic of São Tomé and Principe,ST
SUR,Suriname,Suriname,Republic of Suriname,SR
SVK,Slovak Republic,Slovak Republic,Slovak Republic,SK
SVN,Slovenia,Slovenia,Republic of Slovenia,SI
SWE,Sweden,Sweden,Kingdom of Sweden,SE
SWZ,Eswatini,Eswatini,Kingdom of Eswatini,SZ
SXM,Sint Maarten (Dutch part),Sint Maarten (Dutch part),Sint Maarten (Dutch part),SX
SYC,Seychelles,Seychelles,Republic of Seychelles,SC
TCA,Turks and Caicos Islands,Turks and Caicos Islands,Turks and Caicos Islands,TC
TCD,Chad,Chad,Republic of Chad,TD
TGO,Togo,Togo,Republic of Togo,TG
THA,Thailand,Thailand,Kingdom of Thailand,TH
TJK,Tajikistan,Tajikistan,Republic of Tajikistan,TJ
TKM,Turkmenistan,Turkmenistan,Turkmenistan,TM
TLS,Timor-Leste,Timor-Leste,Democratic Republic of Timor-Leste,TL
TON,Tonga,Tonga,Kingdom of Tonga,TO
TTO,Trinidad and Tobago,Trinidad and Tobago,Republic of Trinidad and Tobago,TT
TUN,Tunisia,Tunisia,Republic of Tunisia,TN
TUR,Turkey,Turkey,Republic of Turkey,TR
TUV,Tuvalu,Tuvalu,Tuvalu,TV
TZA,Tanzania,Tanzania,United Republic of Tanzania,TZ
UGA,Uganda,Uganda,Republic of Uganda,UG
UKR,Ukraine,Ukraine,Ukraine,UA
URY,Uruguay,Uruguay,Oriental Republic of Uruguay,UY
USA,United States,United States,United States of America,US
UZB,Uzbekistan,Uzbekistan,Republic of Uzbekistan,UZ
VCT,St. Vincent and the Grenadines,St. Vincent and the Grenadines,St. Vincent and the Grenadines,VC
VEN,Venezuela,"Venezuela, RB",República Bolivariana de Venezuela,VE
VGB,British Virgin Islands,British Virgin Islands,British Virgin Islands,VG
VIR,Virgin Islands,Virgin Islands (U.S.),Virgin Islands of the United States,VI
VNM,Vietnam,Vietnam,Socialist Republic of Vietnam,VN
VUT,Vanuatu,Vanuatu,Republic of Vanuatu,VU
WSM,Samoa,Samoa,Samoa,WS
XKX,Kosovo,Kosovo,Republic of Kosovo,XK
YEM,Yemen,"Yemen, Rep.",Republic of Yemen,YE
ZAF,South Africa,South Africa,Republic of South Africa,ZA
ZMB,Zambia,Zambia,Republic of Zambia,ZM
ZWE,Zimbabwe,Zimbabwe,Republic of Zimbabwe,ZW
,,Congo (Brazzaville),,
,,Congo (Kinshasa),,
EG,,Egypt,,
GM,,Gambia,,
HT,,Haiti,,
CN-HK,,Hong Kong S.A.R. of China,,
IR,,Iran,,
CI,,Ivory Coast,,
,,Kyrgyzstan,,
,,Laos,,
,,Macedonia,,
,,North Cyprus,,
,,Palestinian Territories,,
,,Russia,,
,,Slovakia,,
,,Somaliland region,,
,,South Korea,,
,,Swaziland,,
,,Syria,,
,,Taiwan Province of China,,
,,United Arab Emirates,,
,,Venezuela,,
,,Yemen,,
